INSERT INTO address (id, created_at, updated_at, city, house_number, road, zip_code)
VALUES ('33', '2019-04-21 17:17:06.187', '2019-04-21 17:17:06.187', 'Paris', '12', 'rue de Milan', '75009'),
       ('35', '2019-04-21 17:17:06.187', '2019-04-21 17:17:06.187', 'Paris', '13', 'rue de Milan', '75009');

INSERT INTO librairy (id, created_at, updated_at, name)
VALUES ('1', '2019-04-21 16:55:53.677666', '2019-04-21 16:55:53.677666', 'Saint-Michel'),
       ('2', '2019-04-21 16:55:53.677666', '2019-04-21 16:55:53.677666', 'Leon Blum'),
       ('3', '2019-04-21 16:55:53.677666', '2019-04-21 16:55:53.677666', 'Helene Nathan');

INSERT INTO book_reference (id, created_at, updated_at, author_first_name, author_surname, isbn13, publisher, summary,
                            title, year_publication)
VALUES ('1', '2019-04-21 16:59:57.169375', '2019-04-21 16:59:57.169375', 'Jean', 'Delors', '8787878787777',
        'Flammarion', 'Un classique des récits de voyage.', 'Mon Italie', '1958'),
       ('3', '2019-04-21 16:59:57.169375', '2019-04-21 16:59:57.169375', 'Jean', 'Tricot', '7776666666666', 'Sophis',
        '100 recettes végétariennes', 'La cuisine végétarienne en Italie', '1958'),
       ('2', '2019-04-21 16:59:57.169375', '2019-04-21 16:59:57.169375', 'Pierre', 'Sur', '5555554444444', 'Grasset',
        'Un roman initiatique', 'Les septs collines en Italie', '1958'),
       ('4', '2019-04-21 16:59:57.169375', '2019-04-21 16:59:57.169375', 'Virginia', 'Woolf', '9876565656566',
        'Gallimard', 'Le destin de 5 amis le temps d''une journée.', 'Les Vagues', '1958'),
       ('5', '2019-04-21 16:59:57.169375', '2019-04-21 16:59:57.169375', 'Milan', 'Kundera', '8787878798765',
        'Gallimard', 'Lore ipsem jeuwhd dwhuhdeuwd.', 'L''insoutenable légèreté de l''être', '1958'),
       ('6', '2019-04-21 16:59:57.169375', '2019-04-21 16:59:57.169375', 'Mickael', 'Cunningham', '9899999898989',
        'Gallimard', 'Lore ipsem jeuwhd dwhuhdeuwd.', 'Les Heures', '1958');

INSERT INTO book (id, created_at, updated_at, date_purchase, status, book_reference_id, librairy_id)
VALUES ('4', '2019-04-21 17:06:24.222166', '2019-04-27 16:47:50.561', '2019-04-21', 'BORROWED', '3', '2'),
       ('9', '2019-04-21 17:06:24.222166', '2019-04-27 16:47:50.561', '2019-04-21', 'BORROWED', '1', '1'),
       ('3', '2019-04-21 17:06:24.222166', '2019-04-27 16:47:50.561', '2019-04-21', 'BORROWED', '1', '1'),
       ('5', '2019-04-21 17:06:24.222166', '2019-04-27 16:47:50.561', '2019-04-21', 'AVAILABLE', '3', '2'),
       ('6', '2019-04-21 17:06:24.222166', '2019-04-27 16:47:50.561', '2019-04-21', 'AVAILABLE', '3', '2'),
       ('7', '2019-04-21 17:06:24.222166', '2019-04-27 16:47:50.561', '2019-04-21', 'AVAILABLE', '2', '1'),
       ('147', '2019-04-21 17:06:24.222166', '2019-04-27 16:47:50.561', '2019-04-21', 'AVAILABLE', '1', '1'),
       ('143', '2019-04-21 17:06:24.222166', '2019-04-27 16:47:50.561', '2019-04-21', 'AVAILABLE', '1', '1'),
       ('8', '2019-04-21 17:06:24.222166', '2019-04-27 16:47:50.561', '2019-04-21', 'BORROWED', '2', '1'),
       ('1', '2019-04-21 17:06:24.222166', '2019-04-27 16:47:50.561', '2019-04-21', 'BORROWED', '3', '2'),
       ('2', '2019-04-21 17:06:24.222166', '2019-04-27 16:47:50.561', '2019-04-21', 'BOOKED', '2', '1'),
       ('148', '2019-04-21 17:06:24.222166', '2019-04-27 16:47:50.561', '2019-04-21', 'BORROWED', '4', '3'),
       ('149', '2019-04-21 17:06:24.222166', '2019-04-27 16:47:50.561', '2019-04-21', 'BORROWED', '5', '3'),
       ('150', '2019-04-21 17:06:24.222166', '2019-04-27 16:47:50.561', '2019-04-21', 'BORROWED', '5', '3'),
       ('151', '2019-04-21 17:06:24.222166', '2019-04-27 16:47:50.561', '2019-04-21', 'AVAILABLE', '6', '1');

INSERT INTO CUSTOMER (id, created_at, updated_at, date_expiration_membership, email, first_name, surname, password, phone, sex, address)
VALUES
   ( '23', '2019-04-21 16:37:05.061',	'2019-05-22 19:48:00.23',	'2018-08-23',	'berthoudjulien@gmail.com',	'Pierre' ,	'Dubuquette',	'$2a$12$Inul40jufBwxT9Hajqp2kuFoPML8pzHT1ZiUq6PEvSlctI2DfLFea',	'0385303955',	'M',	'33'),
   ( '34', '2019-04-21 16:37:05.061',	'2019-05-22 19:48:00.23',	'2020-06-23',	'julien_berthoud@yahoo.fr',	'Julien' ,	'Berthoud',	'$2a$12$Inul40jufBwxT9Hajqp2kuFoPML8pzHT1ZiUq6PEvSlctI2DfLFea',	'0123232344',	'F',	'35'),
   ( '85',	'2019-04-21 16:37:05.061',	'2019-05-22 19:48:00.23',	'2020-06-23',	'aicha@yahoo.fr',	'Aicha' ,	'Djarir',	'$2a$12$Inul40jufBwxT9Hajqp2kuFoPML8pzHT1ZiUq6PEvSlctI2DfLFea',	'0385303955',	'F',	'33'),
   ( '86',	'2019-04-21 16:37:05.061',	'2019-05-22 19:48:00.23',	'2021-05-12',	'schatzmeister@berliner-ringer.de',	'Malika' ,	'Djarir',	'$2a$12$Inul40jufBwxT9Hajqp2kuFoPML8pzHT1ZiUq6PEvSlctI2DfLFea',	'004915781870467',	'M',	'33');



INSERT INTO loan (id, created_at, updated_at, date_back, date_begin, date_end, number_extensions, book_id, customer_id)
VALUES ('36', '2019-04-21 19:41:27.647', '2019-04-28 01:16:10.72', '2019-04-28', '2019-04-13', '2019-07-16', '3', '7',
        '85'),
       ('40', '2019-04-21 19:41:27.647', '2019-04-28 01:16:10.72', '1900-01-01', '2019-04-13', '2028-04-23', '0', '8',
        '23'),
       ('88', '2019-04-21 19:41:27.647', '2019-04-28 01:16:10.72', '2019-04-22', '2019-04-13', '2019-04-23', '0', '1',
        '85'),
       ('92', '2019-04-21 19:41:27.647', '2019-04-28 01:16:10.72', '2019-04-22', '2019-04-13', '2019-04-23', '0', '1',
        '85'),
       ('96', '2019-04-21 19:41:27.647', '2019-04-28 01:16:10.72', '2019-04-22', '2019-04-13', '2019-04-23', '0', '1',
        '85'),
       ('111', '2019-04-21 19:41:27.647', '2019-04-28 01:16:10.72', '2019-04-22', '2019-04-13', '2019-04-23', '0', '1',
        '85'),
       ('115', '2019-04-21 19:41:27.647', '2019-04-28 01:16:10.72', '2019-04-28', '2019-04-27', '2019-06-14', '5', '4',
        '34'),
       ('118', '2019-04-21 19:41:27.647', '2019-04-28 01:16:10.72', '2019-04-28', '2019-04-27', '2019-04-27', '0', '9',
        '85'),
       ('132', '2019-04-21 19:41:27.647', '2019-04-28 01:16:10.72', '2019-04-28', '2019-04-27', '2019-04-27', '0', '1',
        '85'),
       ('148', '2019-04-21 19:41:27.647', '2019-04-28 01:16:10.72', '2019-04-28', '2019-04-27', '2019-12-25', '0', '5',
        '85'),
       ('150', '2019-04-21 19:41:27.647', '2019-04-28 01:16:10.72', '2019-04-28', '2019-04-28', '2019-05-26', '0',
        '143', '85'),
       ('151', '2019-04-21 19:41:27.647', '2019-04-28 01:16:10.72', '2019-04-28', '2019-04-28', '2019-05-03', '0',
        '147', '85'),
       ('152', '2019-04-21 19:41:27.647', '2019-04-28 01:16:10.72', '2019-04-28', '2019-04-28', '2019-05-26', '0', '6',
        '85'),
       ('167', '2019-04-21 19:41:27.647', '2019-04-28 01:16:10.72', '1900-01-01', '2019-01-01', '2019-05-01', '1', '1',
        '86'),
       ('168', '2019-04-21 19:41:27.647', '2019-04-28 01:16:10.72', '1900-01-01', '2019-01-01', '2019-05-01', '0', '2',
        '86'),

       ('169', '2019-04-21 19:41:27.647', '2019-04-28 01:16:10.72', '1900-01-01', '2019-01-01', '2019-05-01', '1', '3',
        '86'),
       ('231', '2019-04-21 19:41:27.647', '2019-04-28 01:16:10.72', '1900-01-01', '2019-08-11', '2019-10-08', '0',
        '148', '85'),
       ('232', '2019-04-21 19:41:27.647', '2019-04-28 01:16:10.72', '1900-01-01', '2019-08-11', '2019-10-10', '0',
        '149', '85'),
       ('233', '2019-04-21 19:41:27.647', '2019-04-28 01:16:10.72', '1900-01-01', '2019-08-11', '2019-10-15', '0',
        '150', '23');

INSERT INTO tag (id, created_at, updated_at, name)
VALUES ('1', '2019-04-21 16:53:17.308635', '2019-04-21 16:53:17.308635', 'architecture'),
       ('2', '2019-04-21 16:53:17.308635', '2019-04-21 16:53:17.308635', 'italie'),
       ('3', '2019-04-21 16:53:17.308635', '2019-04-21 16:53:17.308635', 'histoire'),
       ('4', '2019-04-21 16:53:17.308635', '2019-04-21 16:53:17.308635', 'sport'),
       ('5', '2019-04-21 16:53:17.308635', '2019-04-21 16:53:17.308635', 'aventure'),
       ('6', '2019-04-21 16:53:17.308635', '2019-04-21 16:53:17.308635', 'écologie');

INSERT INTO book_references_tags (book_reference_id, tag_id)
VALUES ('1', '1'),
       ('1', '2'),
       ('1', '3'),
       ('2', '4'),
       ('2', '5'),
       ('3', '6'),
       ('3', '1'),
       ('3', '2'),
       ('2', '6');

INSERT INTO reservation (id, created_at, updated_at, date_reservation, book_reference_id, customer_id, librairy_id)
VALUES ('1', '2019-08-11 00:00:00', '2019-08-13 10:08:27.32886', '2019-08-11 00:00:00', '4', '34', '3');








